email,familyName,firstName,password,pid,nickname
batch0001@batch.com.tw,測,零零零一,123qwe,270715,測零零零一
batch0002@batch.com.tw,測,零零零二,123qwe,276833,測零零零二
batch0003@batch.com.tw,測,零零零三,123qwe,271826,測零零零三
batch0004@batch.com.tw,測,零零零四,123qwe,271827,測零零零四
batch0005@batch.com.tw,測,零零零五,123qwe,271828,測零零零五
batch0006@batch.com.tw,測,零零零六,123qwe,271829,測零零零六
batch0007@batch.com.tw,測,零零零七,123qwe,271830,測零零零七
batch0008@batch.com.tw,測,零零零八,123qwe,271831,測零零零八
batch0009@batch.com.tw,測,零零零九,123qwe,271832,測零零零九
batch0010@batch.com.tw,測,零零一零,123qwe,271833,測零零一零
batch0011@batch.com.tw,測,零零一一,123qwe,271834,測零零一一
batch0012@batch.com.tw,測,零零一二,123qwe,271835,測零零一二
batch0013@batch.com.tw,測,零零一三,123qwe,271836,測零零一三
batch0014@batch.com.tw,測,零零一四,123qwe,271837,測零零一四
batch0015@batch.com.tw,測,零零一五,123qwe,271838,測零零一五
batch0016@batch.com.tw,測,零零一六,123qwe,271839,測零零一六
batch0017@batch.com.tw,測,零零一七,123qwe,271840,測零零一七
batch0018@batch.com.tw,測,零零一八,123qwe,271841,測零零一八
batch0019@batch.com.tw,測,零零一九,123qwe,271842,測零零一九
batch0020@batch.com.tw,測,零零二零,123qwe,271843,測零零二零
batch0021@batch.com.tw,測,零零二一,123qwe,271844,測零零二一
batch0022@batch.com.tw,測,零零二二,123qwe,271845,測零零二二
batch0023@batch.com.tw,測,零零二三,123qwe,271846,測零零二三
batch0024@batch.com.tw,測,零零二四,123qwe,271847,測零零二四
batch0025@batch.com.tw,測,零零二五,123qwe,271848,測零零二五
batch0026@batch.com.tw,測,零零二六,123qwe,271849,測零零二六
batch0027@batch.com.tw,測,零零二七,123qwe,271850,測零零二七
batch0028@batch.com.tw,測,零零二八,123qwe,271851,測零零二八
batch0029@batch.com.tw,測,零零二九,123qwe,271852,測零零二九
batch0030@batch.com.tw,測,零零三零,123qwe,271853,測零零三零
batch0031@batch.com.tw,測,零零三一,123qwe,271854,測零零三一
batch0032@batch.com.tw,測,零零三二,123qwe,271855,測零零三二
batch0033@batch.com.tw,測,零零三三,123qwe,271856,測零零三三
batch0034@batch.com.tw,測,零零三四,123qwe,271857,測零零三四
batch0035@batch.com.tw,測,零零三五,123qwe,271858,測零零三五
batch0036@batch.com.tw,測,零零三六,123qwe,271859,測零零三六
batch0037@batch.com.tw,測,零零三七,123qwe,271860,測零零三七
batch0038@batch.com.tw,測,零零三八,123qwe,271861,測零零三八
batch0039@batch.com.tw,測,零零三九,123qwe,271862,測零零三九
batch0040@batch.com.tw,測,零零四零,123qwe,271863,測零零四零
batch0041@batch.com.tw,測,零零四一,123qwe,271864,測零零四一
batch0042@batch.com.tw,測,零零四二,123qwe,271865,測零零四二
batch0043@batch.com.tw,測,零零四三,123qwe,271866,測零零四三
batch0044@batch.com.tw,測,零零四四,123qwe,271867,測零零四四
batch0045@batch.com.tw,測,零零四五,123qwe,271868,測零零四五
batch0046@batch.com.tw,測,零零四六,123qwe,271869,測零零四六
batch0047@batch.com.tw,測,零零四七,123qwe,271870,測零零四七
batch0048@batch.com.tw,測,零零四八,123qwe,271871,測零零四八
batch0049@batch.com.tw,測,零零四九,123qwe,271872,測零零四九
batch0050@batch.com.tw,測,零零五零,123qwe,271873,測零零五零
batch0051@batch.com.tw,測,零零五一,123qwe,271874,測零零五一
batch0052@batch.com.tw,測,零零五二,123qwe,271875,測零零五二
batch0053@batch.com.tw,測,零零五三,123qwe,271876,測零零五三
batch0054@batch.com.tw,測,零零五四,123qwe,271877,測零零五四
batch0055@batch.com.tw,測,零零五五,123qwe,271878,測零零五五
batch0056@batch.com.tw,測,零零五六,123qwe,271879,測零零五六
batch0057@batch.com.tw,測,零零五七,123qwe,271880,測零零五七
batch0058@batch.com.tw,測,零零五八,123qwe,271881,測零零五八
batch0059@batch.com.tw,測,零零五九,123qwe,271882,測零零五九
batch0060@batch.com.tw,測,零零六零,123qwe,271883,測零零六零
batch0061@batch.com.tw,測,零零六一,123qwe,271884,測零零六一
batch0062@batch.com.tw,測,零零六二,123qwe,271885,測零零六二
batch0063@batch.com.tw,測,零零六三,123qwe,271886,測零零六三
batch0064@batch.com.tw,測,零零六四,123qwe,271887,測零零六四
batch0065@batch.com.tw,測,零零六五,123qwe,271888,測零零六五
batch0066@batch.com.tw,測,零零六六,123qwe,271889,測零零六六
batch0067@batch.com.tw,測,零零六七,123qwe,271890,測零零六七
batch0068@batch.com.tw,測,零零六八,123qwe,271891,測零零六八
batch0069@batch.com.tw,測,零零六九,123qwe,271892,測零零六九
batch0070@batch.com.tw,測,零零七零,123qwe,271893,測零零七零
batch0071@batch.com.tw,測,零零七一,123qwe,271894,測零零七一
batch0072@batch.com.tw,測,零零七二,123qwe,271895,測零零七二
batch0073@batch.com.tw,測,零零七三,123qwe,271896,測零零七三
batch0074@batch.com.tw,測,零零七四,123qwe,271897,測零零七四
batch0075@batch.com.tw,測,零零七五,123qwe,271898,測零零七五
batch0076@batch.com.tw,測,零零七六,123qwe,271899,測零零七六
batch0077@batch.com.tw,測,零零七七,123qwe,271900,測零零七七
batch0078@batch.com.tw,測,零零七八,123qwe,271901,測零零七八
batch0079@batch.com.tw,測,零零七九,123qwe,271902,測零零七九
batch0080@batch.com.tw,測,零零八零,123qwe,271903,測零零八零
batch0081@batch.com.tw,測,零零八一,123qwe,271904,測零零八一
batch0082@batch.com.tw,測,零零八二,123qwe,271905,測零零八二
batch0083@batch.com.tw,測,零零八三,123qwe,271906,測零零八三
batch0084@batch.com.tw,測,零零八四,123qwe,271907,測零零八四
batch0085@batch.com.tw,測,零零八五,123qwe,271908,測零零八五
batch0086@batch.com.tw,測,零零八六,123qwe,271909,測零零八六
batch0087@batch.com.tw,測,零零八七,123qwe,271910,測零零八七
batch0088@batch.com.tw,測,零零八八,123qwe,271911,測零零八八
batch0089@batch.com.tw,測,零零八九,123qwe,271912,測零零八九
batch0090@batch.com.tw,測,零零九零,123qwe,271913,測零零九零
batch0091@batch.com.tw,測,零零九一,123qwe,271914,測零零九一
batch0092@batch.com.tw,測,零零九二,123qwe,271915,測零零九二
batch0093@batch.com.tw,測,零零九三,123qwe,271916,測零零九三
batch0094@batch.com.tw,測,零零九四,123qwe,271917,測零零九四
batch0095@batch.com.tw,測,零零九五,123qwe,271918,測零零九五
batch0096@batch.com.tw,測,零零九六,123qwe,271919,測零零九六
batch0097@batch.com.tw,測,零零九七,123qwe,271920,測零零九七
batch0098@batch.com.tw,測,零零九八,123qwe,271921,測零零九八
batch0099@batch.com.tw,測,零零九九,123qwe,271922,測零零九九
batch0100@batch.com.tw,測,零一零零,123qwe,271923,測零一零零
